{
    "args": {
        "alpha": 0.99,
        "baseline_cost": 0.5,
        "batch_size": 8,
        "disable_checkpoint": true,
        "disable_cuda": false,
        "disable_use_embedding": false,
        "discounting": 0.99,
        "entropy_cost": 0.0005,
        "env": "MiniGrid-KeyCorridorS4R3-v0",
        "env_seed": 1,
        "epsilon": 0.01,
        "fix_seed": false,
        "generator_batch_size": 150,
        "generator_counts": 10,
        "generator_entropy_cost": 0.05,
        "generator_learning_rate": 0.002,
        "generator_loss_form": "threshold",
        "generator_maximum": 100,
        "generator_reward_coef": 1.0,
        "generator_reward_negative": -0.3,
        "generator_target": 5.0,
        "generator_threshold": -0.5,
        "goal_dim": 10,
        "initials": "al",
        "inner": false,
        "intrinsic_reward_coef": 1.0,
        "learning_rate": 0.001,
        "mode": "train",
        "modify": true,
        "momentum": 0,
        "no_boundary_awareness": false,
        "no_extrinsic_rewards": false,
        "no_generator": false,
        "novelty": false,
        "novelty_bonus": 0.1,
        "novelty_coef": 0.3,
        "num_actors": 40,
        "num_buffers": null,
        "num_input_frames": 1,
        "num_lstm_layers": 1,
        "num_threads": 4,
        "random_agent": false,
        "record_video": false,
        "restart_episode": false,
        "reward_clipping": "abs_one",
        "save_env": false,
        "save_every": 50000,
        "savedir": "./experimentMinigrid_goal_inspection",
        "state_embedding_dim": 256,
        "target_variance": 15.0,
        "total_frames": 600000000,
        "unroll_length": 100,
        "use_lstm": false,
        "video_path": "minigrid_video.mp4",
        "weight_path": "model.tar",
        "xpid": "MiniGrid-KeyCorridorS4R3-v0_al_1023-0854"
    },
    "date_end": "2021-10-25 02:11:19.697403",
    "date_start": "2021-10-23 08:54:53.059596",
    "env": {
        "BASH_FUNC_module()": "() {  eval `/usr/bin/modulecmd bash $*`\n}",
        "CONDA_DEFAULT_ENV": "amigo_old_torch",
        "CONDA_EXE": "/software/anaconda3/bin/conda",
        "CONDA_PREFIX": "/data/s2943719/.conda/envs/amigo_old_torch",
        "CONDA_PREFIX_1": "/software/anaconda3",
        "CONDA_PROMPT_MODIFIER": "(amigo_old_torch) ",
        "CONDA_PYTHON_EXE": "/software/anaconda3/bin/python",
        "CONDA_SHLVL": "2",
        "HISTCONTROL": "ignoredups",
        "HISTSIZE": "1000",
        "HOME": "/home/s2943719",
        "HOSTNAME": "phlogiston",
        "LANG": "en_US.UTF-8",
        "LD_LIBRARY_PATH": "/usr/local/cuda-11.2/lib64",
        "LESSOPEN": "||/usr/bin/lesspipe.sh %s",
        "LOADEDMODULES": "",
        "LOGNAME": "s2943719",
        "LS_COLORS": "rs=0:di=01;34:ln=01;36:mh=00:pi=40;33:so=01;35:do=01;35:bd=40;33;01:cd=40;33;01:or=40;31;01:mi=01;05;37;41:su=37;41:sg=30;43:ca=30;41:tw=30;42:ow=34;42:st=37;44:ex=01;32:*.tar=01;31:*.tgz=01;31:*.arc=01;31:*.arj=01;31:*.taz=01;31:*.lha=01;31:*.lz4=01;31:*.lzh=01;31:*.lzma=01;31:*.tlz=01;31:*.txz=01;31:*.tzo=01;31:*.t7z=01;31:*.zip=01;31:*.z=01;31:*.Z=01;31:*.dz=01;31:*.gz=01;31:*.lrz=01;31:*.lz=01;31:*.lzo=01;31:*.xz=01;31:*.bz2=01;31:*.bz=01;31:*.tbz=01;31:*.tbz2=01;31:*.tz=01;31:*.deb=01;31:*.rpm=01;31:*.jar=01;31:*.war=01;31:*.ear=01;31:*.sar=01;31:*.rar=01;31:*.alz=01;31:*.ace=01;31:*.zoo=01;31:*.cpio=01;31:*.7z=01;31:*.rz=01;31:*.cab=01;31:*.jpg=01;35:*.jpeg=01;35:*.gif=01;35:*.bmp=01;35:*.pbm=01;35:*.pgm=01;35:*.ppm=01;35:*.tga=01;35:*.xbm=01;35:*.xpm=01;35:*.tif=01;35:*.tiff=01;35:*.png=01;35:*.svg=01;35:*.svgz=01;35:*.mng=01;35:*.pcx=01;35:*.mov=01;35:*.mpg=01;35:*.mpeg=01;35:*.m2v=01;35:*.mkv=01;35:*.webm=01;35:*.ogm=01;35:*.mp4=01;35:*.m4v=01;35:*.mp4v=01;35:*.vob=01;35:*.qt=01;35:*.nuv=01;35:*.wmv=01;35:*.asf=01;35:*.rm=01;35:*.rmvb=01;35:*.flc=01;35:*.avi=01;35:*.fli=01;35:*.flv=01;35:*.gl=01;35:*.dl=01;35:*.xcf=01;35:*.xwd=01;35:*.yuv=01;35:*.cgm=01;35:*.emf=01;35:*.axv=01;35:*.anx=01;35:*.ogv=01;35:*.ogx=01;35:*.aac=01;36:*.au=01;36:*.flac=01;36:*.mid=01;36:*.midi=01;36:*.mka=01;36:*.mp3=01;36:*.mpc=01;36:*.ogg=01;36:*.ra=01;36:*.wav=01;36:*.axa=01;36:*.oga=01;36:*.spx=01;36:*.xspf=01;36:",
        "MAIL": "/var/spool/mail/s2943719",
        "MODULEPATH": "/usr/share/Modules/modulefiles:/etc/modulefiles",
        "MODULESHOME": "/usr/share/Modules",
        "OMP_NUM_THREADS": "1",
        "PATH": "/usr/local/cuda-11.2/bin:/usr/local/cuda-11.2/bin:/data/s2943719/.conda/envs/amigo_old_torch/bin:/software/anaconda3/condabin:/usr/local/bin:/usr/bin:/usr/local/sbin:/usr/sbin:/home/s2943719/.local/bin:/home/s2943719/bin",
        "PWD": "/home/s2943719/adversarially-motivated-intrinsic-goals_new/monobeast_torch1.5/minigrid",
        "SELINUX_LEVEL_REQUESTED": "",
        "SELINUX_ROLE_REQUESTED": "",
        "SELINUX_USE_CURRENT_RANGE": "",
        "SHELL": "/bin/bash",
        "SHLVL": "2",
        "SSH_CLIENT": "132.229.44.36 32864 22",
        "SSH_CONNECTION": "132.229.44.36 32864 132.229.44.146 22",
        "SSH_TTY": "/dev/pts/1",
        "STY": "6712.pts-1.phlogiston",
        "TERM": "screen",
        "TERMCAP": "SC|screen|VT 100/ANSI X3.64 virtual terminal:\\\n\t:DO=\\E[%dB:LE=\\E[%dD:RI=\\E[%dC:UP=\\E[%dA:bs:bt=\\E[Z:\\\n\t:cd=\\E[J:ce=\\E[K:cl=\\E[H\\E[J:cm=\\E[%i%d;%dH:ct=\\E[3g:\\\n\t:do=^J:nd=\\E[C:pt:rc=\\E8:rs=\\Ec:sc=\\E7:st=\\EH:up=\\EM:\\\n\t:le=^H:bl=^G:cr=^M:it#8:ho=\\E[H:nw=\\EE:ta=^I:is=\\E)0:\\\n\t:li#42:co#160:am:xn:xv:LP:sr=\\EM:al=\\E[L:AL=\\E[%dL:\\\n\t:cs=\\E[%i%d;%dr:dl=\\E[M:DL=\\E[%dM:dc=\\E[P:DC=\\E[%dP:\\\n\t:im=\\E[4h:ei=\\E[4l:mi:IC=\\E[%d@:ks=\\E[?1h\\E=:\\\n\t:ke=\\E[?1l\\E>:vi=\\E[?25l:ve=\\E[34h\\E[?25h:vs=\\E[34l:\\\n\t:ti=\\E[?1049h:te=\\E[?1049l:us=\\E[4m:ue=\\E[24m:so=\\E[3m:\\\n\t:se=\\E[23m:mb=\\E[5m:md=\\E[1m:mr=\\E[7m:me=\\E[m:ms:\\\n\t:Co#8:pa#64:AF=\\E[3%dm:AB=\\E[4%dm:op=\\E[39;49m:AX:\\\n\t:vb=\\Eg:G0:as=\\E(0:ae=\\E(B:\\\n\t:ac=\\140\\140aaffggjjkkllmmnnooppqqrrssttuuvvwwxxyyzz{{||}}~~..--++,,hhII00:\\\n\t:po=\\E[5i:pf=\\E[4i:Km=\\E[M:k0=\\E[10~:k1=\\EOP:k2=\\EOQ:\\\n\t:k3=\\EOR:k4=\\EOS:k5=\\E[15~:k6=\\E[17~:k7=\\E[18~:\\\n\t:k8=\\E[19~:k9=\\E[20~:k;=\\E[21~:F1=\\E[23~:F2=\\E[24~:\\\n\t:F3=\\E[1;2P:F4=\\E[1;2Q:F5=\\E[1;2R:F6=\\E[1;2S:\\\n\t:F7=\\E[15;2~:F8=\\E[17;2~:F9=\\E[18;2~:FA=\\E[19;2~:kb=\u007f:\\\n\t:K2=\\EOE:kB=\\E[Z:kF=\\E[1;2B:kR=\\E[1;2A:*4=\\E[3;2~:\\\n\t:*7=\\E[1;2F:#2=\\E[1;2H:#3=\\E[2;2~:#4=\\E[1;2D:%c=\\E[6;2~:\\\n\t:%e=\\E[5;2~:%i=\\E[1;2C:kh=\\E[1~:@1=\\E[1~:kH=\\E[4~:\\\n\t:@7=\\E[4~:kN=\\E[6~:kP=\\E[5~:kI=\\E[2~:kD=\\E[3~:ku=\\EOA:\\\n\t:kd=\\EOB:kr=\\EOC:kl=\\EOD:km:",
        "USER": "s2943719",
        "WINDOW": "0",
        "XDG_RUNTIME_DIR": "/run/user/202238",
        "XDG_SESSION_ID": "5543",
        "_": "/data/s2943719/.conda/envs/amigo_old_torch/bin/python",
        "_CE_CONDA": "",
        "_CE_M": ""
    },
    "git": {
        "branch": "master",
        "commit": "55ad319eb73206587d04244ee625217450b75308",
        "is_dirty": true,
        "path": "/home/s2943719/adversarially-motivated-intrinsic-goals_new/.git"
    },
    "slurm": null,
    "successful": true,
    "xpid": "MiniGrid-KeyCorridorS4R3-v0_al_1023-0854"
}